{"document":{"type":"page","children":[{"type":"heading","data":{"delta":[{"insert":"Your Name"}],"level":1}},{"type":"paragraph","data":{"delta":[{"insert":"Your bio"}]}},{"type":"divider"},{"type":"heading","data":{"delta":[{"insert":"Contact"}],"level":2}},{"type":"bulleted_list","data":{"delta":[{"insert":"Phone"}]}},{"type":"bulleted_list","data":{"delta":[{"insert":"Email"}]}},{"type":"bulleted_list","data":{"delta":[{"insert":"Website"}]}},{"type":"divider"},{"type":"heading","data":{"level":2,"delta":[{"insert":"About Me"}]}},{"type":"paragraph","data":{"delta":[{"insert":"Lorem ipsum text here"}]}},{"type":"divider"},{"type":"heading","data":{"level":2,"delta":[{"insert":"Experience"}]}},{"type":"paragraph","data":{"delta":[]}},{"type":"quote","data":{"delta":[{"insert":"Job Title\n2020-2023\n\nAbout Job Here.."}]}},{"type":"paragraph","data":{"delta":[]}},{"type":"quote","data":{"delta":[{"insert":"Job Title\n2020-2023\n\nAbout Job Here.."}]}},{"type":"paragraph","data":{"delta":[]}}],"data":{"cover_selection_type":"CoverType.none","selected_icon":"🐸"}}}