{"document":{"type":"page","children":[{"type":"heading","data":{"delta":[{"insert":"DailyJournal"}],"level":1}},{"type":"quote","data":{"delta":[{"insert":"Plan your day ~"}]}},{"type":"paragraph","data":{"delta":[]}},{"type":"heading","data":{"level":2,"delta":[{"insert":"Tasks"}]}},{"type":"todo_list","data":{"checked":false,"delta":[{"insert":"Task 1"}]}},{"type":"todo_list","data":{"checked":false,"delta":[{"insert":"Task 2"}]}},{"type":"todo_list","data":{"checked":false,"delta":[{"insert":"Task 3"}]}},{"type":"todo_list","data":{"checked":false,"delta":[{"insert":"Task 3"}]}},{"type":"divider"},{"type":"paragraph","data":{"delta":[]}},{"type":"paragraph","data":{"delta":[]}},{"type":"heading","data":{"bgColor":"appflowy_them_color_tint4","level":3,"delta":[{"insert":"Morning Routine "}]}},{"type":"toggle_list","data":{"collapsed":true,"delta":[{"insert":"Detailed Morning Routine"}]}},{"type":"paragraph","data":{"delta":[]}},{"type":"divider"},{"type":"paragraph","data":{"delta":[{"insert":" "}]}},{"type":"heading","data":{"delta":[{"insert":"Night Routine"}],"bgColor":"appflowy_them_color_tint7","level":3}},{"type":"toggle_list","data":{"delta":[{"insert":"Detailed Night Routine"}],"collapsed":true}},{"type":"paragraph","data":{"delta":[]}}]}}