{"document":{"type":"page","children":[{"type":"heading","data":{"level":1,"delta":[{"insert":"DailyJournal"}]}},{"type":"quote","data":{"delta":[{"insert":"Plan your day ~"}]}},{"type":"paragraph","data":{"delta":[]}},{"type":"heading","data":{"delta":[{"insert":"Tasks"}],"level":2}},{"type":"todo_list","data":{"delta":[{"insert":"Task 1"}],"checked":false}},{"type":"todo_list","data":{"delta":[{"insert":"Task 2"}],"checked":false}},{"type":"todo_list","data":{"delta":[{"insert":"Task 3"}],"checked":false}},{"type":"todo_list","data":{"checked":false,"delta":[{"insert":"Task 3"}]}},{"type":"divider"},{"type":"paragraph","data":{"delta":[]}},{"type":"paragraph","data":{"delta":[]}},{"type":"heading","data":{"level":3,"delta":[{"insert":"Morning Routine "}],"bgColor":"appflowy_them_color_tint4"}},{"type":"toggle_list","children":[{"type":"numbered_list","data":{"delta":[{"insert":"Wake up by 6."}],"number":1}},{"type":"numbered_list","data":{"delta":[{"insert":"Drink a glass of water."}]}},{"type":"numbered_list","data":{"delta":[{"insert":"Lorem ipsum."}]}}],"data":{"collapsed":true,"delta":[{"insert":"Detailed Morning Routine"}]}},{"type":"paragraph","data":{"delta":[]}},{"type":"divider"},{"type":"paragraph","data":{"delta":[{"insert":" "}]}},{"type":"heading","data":{"delta":[{"insert":"Night Routine"}],"level":3,"bgColor":"appflowy_them_color_tint7"}},{"type":"toggle_list","children":[{"type":"numbered_list","data":{"number":1,"delta":[{"insert":"Shower and bath."}]}},{"type":"numbered_list","data":{"delta":[{"insert":"Bed by 10PM."}]}}],"data":{"delta":[{"insert":"Detailed Night Routine"}],"collapsed":true}},{"type":"paragraph","data":{"delta":[]}}]}}